INLINE NewItemTable,Name,Description,Use Desc,ID,Type,ItemAbility,Stat Boosts,Effectiveness,Uses,Mt,Hit,Wt,Crit,Range,Price Per Use,Weapon Level,Icon,Use Effect,Weapon Effect,Weapon EXP,Debuff Type,IER Byte,Item Skill
Nothing,0x0,0x0,0x0,0x0,0x0,0x0,0x0,0x0,0,0,0,0,0,0x0,0,NoRank,0x0,0x0,NoEffect,0,0x0,0x0,0x0
Training Sword,TrainingSwordName,TrainingWeaponDesc,0x0,TrainingSword,Swords,DWeapon,TrainingWeaponBoost|IsPointer,0x0,0,0,100,0,255,0x11,0,ERank,0x1,0x0,NoEffect,1,0x0,0x0,0x0
Slim Sword,SlimSwordName,SlimWeaponDesc,0x0,SlimSword,Swords,DWeapon,SlimWeaponBoost|IsPointer,0x0,0,3,90,0,0,0x11,0,DRank,0x1,0x0,NoEffect,1,0x0,0x0,0x0
Iron Sword,IronSwordName,IronWeaponDesc,0x0,IronSword,Swords,DWeapon,IronWeaponBoost|IsPointer,0x0,0,6,85,0,0,0x11,0,CRank,0x0,0x0,NoEffect,1,0x0,0x0,0x0
Steel Sword,SteelSwordName,SteelWeaponDesc,0x0,SteelSword,Swords,DWeapon,SteelWeaponBoost|IsPointer,0x0,0,9,80,0,0,0x11,0,BRank,0x2,0x0,NoEffect,1,0x0,0x0,0x0
Silver Sword,SilverSwordName,SilverWeaponDesc,0x0,SilverSword,Swords,DWeapon,SilverWeaponBoost|IsPointer,0x0,0,12,85,0,0,0x11,0,ARank,0x3,0x0,NoEffect,2,0x0,0x0,0x0
Iron Dagger,IronDaggerName,IronDaggerDesc,0x0,IronDagger,Swords,DWeapon|DaggerLockID,0x0,0x0,0,3,90,0,0,0x22,0,DRank,0x5,0x0,NoEffect,2,0x0,0x0,0x0
Steel Dagger,SteelDaggerName,SteelDaggerDesc,0x0,SteelDagger,Swords,DWeapon|DaggerLockID,0x0,0x0,0,6,80,0,0,0x22,0,CRank,0x6,0x0,NoEffect,2,0x0,0x0,0x0
Silver Dagger,SilverDaggerName,SilverDaggerDesc,0x0,SilverDagger,Swords,DWeapon|DaggerLockID,0x0,0x0,0,9,75,0,0,0x22,0,BRank,0x7,0x0,NoEffect,1,0x0,0x0,0x0
Light Brand,LightBrandName,LightBrandDesc,0x0,LightBrand,Swords,DWeapon|MagicDamage,LightBrandBoost|IsPointer,0x0,0,3,95,0,0,0x12,0,DRank,0xF,0x0,NoEffect,2,0x0,0x0,0x0
Levin Sword,LevinSwordName,LevinSwordDesc,0x0,LevinSword,Swords,DWeapon|MagicDamage,LevinSwordBoost|IsPointer,0x0,0,6,90,0,0,0x12,0,CRank,0x9,0x0,NoEffect,2,0x0,0x0,0x0
Flame Sword,FlameSwordName,FlameSwordDesc,0x0,FlameSword,Swords,DWeapon|MagicDamage,FlameSwordBoost|IsPointer,0x0,0,9,80,0,0,0x12,0,BRank,0xa,0x0,NoEffect,1,0x0,0x0,0x0
Wind Edge,WindEdgeName,WindEdgeDesc,0x0,WindEdge,Swords,DWeapon|MagicDamage,WindEdgeBoost|IsPointer,0x0,0,12,85,0,0,0x12,0,ARank,0xb2,0x0,NoEffect,1,0x0,0x0,0x0
Iron Blade,IronBladeName,IronHeavyDesc,0x0,IronBlade,Swords,DWeapon,IronHeavyWeaponBoost|IsPointer,0x0,0,9,85,0,5,0x11,0,CRank,0x4,0x0,NoEffect,1,0x0,0x0,0x0
Steel Blade,SteelBladeName,SteelHeavyDesc,0x0,SteelBlade,Swords,DWeapon,SteelHeavyWeaponBoost|IsPointer,0x0,0,13,70,0,5,0x11,0,BRank,0x5,0x0,NoEffect,1,0x0,0x0,0x0
Silver Blade,SilverBladeName,SilverHeavyDesc,0x0,SilverBlade,Swords,DWeapon,SilverHeavyWeaponBoost|IsPointer,0x0,0,17,75,0,5,0x11,0,ARank,0x6,0x0,NoEffect,1,0x0,0x0,0x0
Armorslayer,ArmorslayerName,ArmorEffectiveDesc,0x0,Armorslayer,Swords,DWeapon,EffectiveWeaponBoost|IsPointer,ArmorEffectiveness|IsPointer,0,6,80,0,0,0x11,0,CRank,0xD,0x0,NoEffect,1,0x0,0x0,0x0
Zanbato,ZanbatoName,CavalryEffectiveDesc,0x0,Zanbato,Swords,DWeapon,EffectiveWeaponBoost|IsPointer,CavalryEffectiveness|IsPointer,0,8,75,0,0,0x11,0,BRank,0x12,0x0,NoEffect,1,0x0,0x0,0x0
Villains' Bane,VillainsBaneName,VillainsBaneDesc,0x0,VillainsBane,Swords,DWeapon,EffectiveWeaponBoost|IsPointer,AxeEffectiveness|IsPointer,0,10,70,0,0,0x11,0,ARank,0x8,0x0,NoEffect,2,0x0,0x0,0x0
Wyrmslayer,WyrmslayerName,WyrmslayerDesc,0x0,Wyrmslayer,Swords,DWeapon,0x0,HouseSarkaEffectiveness|IsPointer,0,8,90,0,0,0x11,0,CRank,0xE,0x0,NoEffect,1,0x0,0x0,0x0
Doomblade,DoombladeName,DevilEffectDesc,0x0,Doomblade,Swords,DWeapon,DevilWeaponBoost|IsPointer,0x0,0,14,65,0,0,0x11,0,CRank,0x13,0x0,DevilEffect,1,0x0,0x0,0x0
Killing Edge,KillingEdgeName,KillingEffectDesc,0x0,KillingEdge,Swords,DWeapon,KillingWeaponBoost|IsPointer,0x0,0,10,85,0,30,0x11,0,BRank,0xC,0x0,NoEffect,1,0x0,0x0,0x0
Brave Sword,BraveSwordName,BraveEffectDesc,0x0,BraveSword,Swords,DWeapon|IsBrave,BraveWeaponBoost|IsPointer,0x0,0,14,75,0,0,0x11,0,ARank,0xA,0x0,NoEffect,2,0x0,0x0,0x0
Lancereaver,LancereaverName,ReaverEffectDesc,0x0,Lancereaver,Swords,DWeapon|ReaverEffect,0x0,0x0,0,6,80,0,0,0x11,0,CRank,0x11,0x0,NoEffect,1,0x0,0x0,0x0
Training Lance,TrainingLanceName,TrainingWeaponDesc,0x0,TrainingLance,Lances,DWeapon,TrainingWeaponBoost|IsPointer,0x0,0,0,90,0,255,0x11,0,ERank,0x14,0x0,NoEffect,1,0x0,0x0,0x0
Slim Lance,SlimLanceName,SlimWeaponDesc,0x0,SlimLance,Lances,DWeapon,SlimWeaponBoost|IsPointer,0x0,0,4,80,0,0,0x11,0,DRank,0x14,0x0,NoEffect,1,0x0,0x0,0x0
Iron Lance,IronLanceName,IronWeaponDesc,0x0,IronLance,Lances,DWeapon,IronWeaponBoost|IsPointer,0x0,0,7,75,0,0,0x11,0,ERank,0x13,0x0,NoEffect,1,0x0,0x0,0x0
Steel Lance,SteelLanceName,SteelWeaponDesc,0x0,SteelLance,Lances,DWeapon,SteelWeaponBoost|IsPointer,0x0,0,10,70,0,0,0x11,0,ERank,0x15,0x0,NoEffect,1,0x0,0x0,0x0
Silver Lance,SilverLanceName,SilverWeaponDesc,0x0,SilverLance,Lances,DWeapon,SilverWeaponBoost|IsPointer,0x0,0,13,75,0,0,0x11,0,ERank,0x16,0x0,NoEffect,1,0x0,0x0,0x0
Javelin,JavelinName,RangedEffectDesc,0x0,Javelin,Lances,DWeapon,0x0,0x0,0,4,85,0,0,0x12,0,ERank,0x1B,0x0,NoEffect,1,0x0,0x0,0x0
Short Spear,ShortSpearName,RangedEffectDesc,0x0,ShortSpear,Lances,DWeapon,0x0,0x0,0,7,80,0,0,0x12,0,ERank,0xA8,0x0,NoEffect,2,0x0,0x0,0x0
Spear,SpearName,RangedEffectDesc,0x0,Spear,Lances,DWeapon,0x0,0x0,0,10,70,0,0,0x12,0,ERank,0x1C,0x0,NoEffect,1,0x0,0x0,0x0
Uber Spear,UberSpearName,RangedEffectDesc,0x0,UberSpear,Lances,DWeapon,0x0,0x0,0,13,75,0,0,0x12,0,ERank,0x1C,0x0,NoEffect,2,0x0,0x0,0x0
Iron Greatlance,IronGreatlanceName,IronHeavyDesc,0x0,IronGreatlance,Lances,DWeapon,IronHeavyWeaponBoost|IsPointer,0x0,0,10,80,0,0,0x11,0,ERank,0x20,0x0,NoEffect,1,0x0,0x0,0x0
Steel Greatlance,SteelGreatlanceName,SteelHeavyDesc,0x0,SteelGreatlance,Lances,DWeapon,SteelHeavyWeaponBoost|IsPointer,0x0,0,14,70,0,0,0x11,0,ERank,0x21,0x0,NoEffect,1,0x0,0x0,0x0
Silver Greatlance,SilverGreatlanceName,SilverHeavyDesc,0x0,SilverGreatlance,Lances,DWeapon,SilverHeavyWeaponBoost|IsPointer,0x0,0,18,75,0,0,0x11,0,ERank,0x22,0x0,NoEffect,1,0x0,0x0,0x0
Heavy Spear,HeavySpearName,ArmorEffectiveDesc,0x0,HeavySpear,Lances,DWeapon,EffectiveWeaponBoost|IsPointer,ArmorEffectiveness|IsPointer,0,7,80,0,0,0x11,0,ERank,0xA7,0x0,NoEffect,1,0x0,0x0,0x0
Horseslayer,HorseslayerName,CavalryEffectiveDesc,0x0,Horseslayer,Lances,DWeapon,EffectiveWeaponBoost|IsPointer,CavalryEffectiveness|IsPointer,0,8,75,0,0,0x11,0,ERank,0x1A,0x0,NoEffect,1,0x0,0x0,0x0
Shamans' Bane,ShamansBaneName,ShamansBaneDesc,0x0,ShamansBane,Lances,DWeapon,EffectiveWeaponBoost|IsPointer,DarkEffectiveness|IsPointer,0,10,70,0,0,0x11,0,ERank,0x25,0x0,NoEffect,2,0x0,0x0,0x0
Battleflag,BattleflagName,CannotCounterEffectDesc,0x0,Battleflag,Lances,DWeapon|Uncounterable,0x0,0x0,0,7,70,0,0,0x11,0,ERank,0x26,0x0,CannotDouble,8,0x0,0x0,0x0
Killer Lance,KillerLanceName,KillingEffectDesc,0x0,KillerLance,Lances,DWeapon,KillingWeaponBoost|IsPointer,0x0,0,10,80,0,30,0x11,0,ERank,0x19,0x0,NoEffect,1,0x0,0x0,0x0
Brave Lance,BraveLanceName,BraveEffectDesc,0x0,BraveLance,Lances,DWeapon|IsBrave,BraveWeaponBoost|IsPointer,0x0,0,15,70,0,0,0x11,0,ERank,0x18,0x0,NoEffect,1,0x0,0x0,0x0
Axereaver,AxereaverName,ReaverEffectDesc,0x0,Axereaver,Lances,DWeapon|ReaverEffect,0x0,0x0,0,7,70,0,0,0x11,0,ERank,0x1D,0x0,NoEffect,2,0x0,0x0,0x0
Training Axe,TrainingAxeName,TrainingWeaponDesc,0x0,TrainingAxe,Axes,DWeapon,TrainingWeaponBoost|IsPointer,0x0,0,0,80,0,255,0x11,0,ERank,0x2a,0x0,NoEffect,1,0x0,0x0,0x0
Slim Axe,SlimAxeName,SlimWeaponDesc,0x0,SlimAxe,Axes,DWeapon,SlimWeaponBoost|IsPointer,0x0,0,4,75,0,0,0x11,0,DRank,0xb9,0x0,NoEffect,1,0x0,0x0,0x0
Iron Axe,IronAxeName,IronWeaponDesc,0x0,IronAxe,Axes,DWeapon,IronWeaponBoost|IsPointer,0x0,0,7,70,0,0,0x11,0,CRank,0x1E,0x0,NoEffect,1,0x0,0x0,0x0
Steel Axe,SteelAxeName,SteelWeaponDesc,0x0,SteelAxe,Axes,DWeapon,SteelHeavyWeaponBoost|IsPointer,0x0,0,11,65,0,0,0x11,0,BRank,0x1F,0x0,NoEffect,1,0x0,0x0,0x0
Silver Axe,SilverAxeName,SilverWeaponDesc,0x0,SilverAxe,Axes,DWeapon,SilverWeaponBoost|IsPointer,0x0,0,14,70,0,0,0x11,0,ARank,0x20,0x0,NoEffect,1,0x0,0x0,0x0
Hatchet,HatchetName,RangedEffectDesc,0x0,Hatchet,Axes,DWeapon,0x0,0x0,0,5,80,0,0,0x12,0,DRank,0xB9,0x0,NoEffect,1,0x0,0x0,0x0
Hand Axe,HandAxeName,RangedEffectDesc,0x0,HandAxe,Axes,DWeapon,0x0,0x0,0,8,70,0,0,0x12,0,CRank,0x27,0x0,NoEffect,1,0x0,0x0,0x0
Short Axe,ShortAxeName,RangedEffectDesc,0x0,ShortAxe,Axes,DWeapon,0x0,0x0,0,11,65,0,0,0x12,0,BRank,0x30,0x0,NoEffect,1,0x0,0x0,0x0
Tomahawk,TomahawkName,RangedEffectDesc,0x0,Tomahawk,Axes,DWeapon,0x0,0x0,0,14,70,0,0,0x12,0,ARank,0x28,0x0,NoEffect,2,0x0,0x0,0x0
Iron Poleaxe,IronPoleaxeName,IronHeavyDesc,0x0,IronPoleaxe,Axes,DWeapon,IronHeavyWeaponBoost|IsPointer,0x0,0,9,70,0,0,0x11,0,CRank,0x32,0x0,NoEffect,1,0x0,0x0,0x0
Steel Poleaxe,SteelPoleaxeName,SteelHeavyDesc,0x0,SteelPoleaxe,Axes,DWeapon,SteelHeavyWeaponBoost|IsPointer,0x0,0,14,60,0,0,0x11,0,BRank,0x33,0x0,NoEffect,4,0x0,0x0,0x0
Silver Poleaxe,SilverPoleaxeName,SilverHeavyDesc,0x0,SilverPoleaxe,Axes,DWeapon,SilverHeavyWeaponBoost|IsPointer,0x0,0,19,65,0,0,0x11,0,ARank,0x34,0x0,NoEffect,4,0x0,0x0,0x0
Hammer,HammerName,ArmorEffectiveDesc,0x0,Hammer,Axes,DWeapon,EffectiveWeaponBoost|IsPointer,ArmorEffectiveness|IsPointer,0,8,75,0,0,0x11,0,CRank,0x25,0x0,NoEffect,4,0x0,0x0,0x0
Halberd,HalberdName,CavalryEffectiveDesc,0x0,Halberd,Axes,DWeapon,EffectiveWeaponBoost|IsPointer,CavalryEffectiveness|IsPointer,0,9,70,0,0,0x11,0,BRank,0x24,0x0,NoEffect,1,0x0,0x0,0x0
Scholars' Bane,ScholarsBaneName,ScholarsBaneDesc,0x0,ScholarsBane,Axes,DWeapon,EffectiveWeaponBoost|IsPointer,AnimaEffectiveness|IsPointer,0,10,70,0,0,0x11,0,ARank,0x2A,0x0,NoEffect,1,0x0,0x0,0x0
Devil Axe,DevilAxeName,DevilEffectDesc,0x0,DevilAxe,Axes,DWeapon,DevilWeaponBoost|IsPointer,0x0,0,21,55,0,0,0x11,0,CRank,0x26,0x0,DevilEffect,2,0x0,0x0,0x0
Killer Axe,KillerAxeName,KillingEffectDesc,0x0,KillerAxe,Axes,DWeapon,KillingWeaponBoost|IsPointer,0x0,0,12,65,0,30,0x11,0,BRank,0x23,0x0,NoEffect,1,0x0,0x0,0x0
Brave Axe,BraveAxeName,BraveEffectDesc,0x0,BraveAxe,Axes,DWeapon|IsBrave,BraveWeaponBoost|IsPointer,0x0,0,16,60,0,0,0x11,0,ARank,0x22,0x0,NoEffect,1,0x0,0x0,0x0
Swordreaver,SwordreaverName,ReaverEffectDesc,0x0,Swordreaver,Axes,DWeapon|ReaverEffect,0x0,0x0,0,8,70,0,0,0x11,0,CRank,0x29,0x0,NoEffect,1,0x0,0x0,0x0
Training Bow,TrainingBowName,TrainingWeaponDesc,0x0,TrainingBow,Bows,DWeapon,TrainingWeaponBoost|IsPointer,0x0,0,0,95,0,255,0x22,0,ERank,0x3c,0x0,NoEffect,1,0x0,0x0,0x0
Slim Bow,SlimBowName,SlimBowDesc,0x0,SlimBow,Bows,DWeapon,SlimWeaponBoost|IsPointer,FlyingEffectiveness|IsPointer,0,3,95,0,0,0x22,0,DRank,0x3d,0x0,NoEffect,1,0x0,0x0,0x0
Iron Bow,IronBowName,IronBowDesc,0x0,IronBow,Bows,DWeapon,IronWeaponBoost|IsPointer,FlyingEffectiveness|IsPointer,0,6,90,0,0,0x22,0,CRank,0x2B,0x0,NoEffect,2,0x0,0x0,0x0
Steel Bow,SteelBowName,SteelBowDesc,0x0,SteelBow,Bows,DWeapon,SteelWeaponBoost|IsPointer,FlyingEffectiveness|IsPointer,0,9,80,0,0,0x22,0,BRank,0x2C,0x0,NoEffect,1,0x0,0x0,0x0
Silver Bow,SilverBowName,SilverBowDesc,0x0,SilverBow,Bows,DWeapon,SilverWeaponBoost|IsPointer,FlyingEffectiveness|IsPointer,0,12,85,0,0,0x22,0,ARank,0x2D,0x0,NoEffect,3,0x0,0x0,0x0
Minibow,MinibowName,RangedEffectDesc,0x0,Minibow,Bows,DWeapon,0x0,0x0,0,6,90,0,5,0x12,0,DRank,0x31,0x0,NoEffect,1,0x0,0x0,0x0
Shortbow,ShortbowName,ShortbowDesc,0x0,Shortbow,Bows,DWeapon,0x0,FlyingEffectiveness|IsPointer,0,9,80,0,10,0x12,0,CRank,0x31,0x0,NoEffect,3,0x0,0x0,0x0
Longbow,LongbowName,LongbowDesc,0x0,Longbow,Bows,DWeapon,0x0,FlyingEffectiveness|IsPointer,0,12,75,0,0,0x23,0,BRank,0x32,0x0,NoEffect,1,0x0,0x0,0x0
Greatbow,GreatbowName,GreatbowDesc,0x0,Greatbow,Bows,DWeapon,0x0,FlyingEffectiveness|IsPointer,0,15,80,0,0,0x23,0,ARank,0x32,0x0,NoEffect,1,0x0,0x0,0x0
Ascetics' Bane,AsceticsBaneName,AsceticsBaneDesc,0x0,AsceticsBane,Bows,DWeapon,EffectiveWeaponBoost|IsPointer,LightEffectiveness|IsPointer,0,10,85,0,0,0x22,0,ARank,0x45,0x0,NoEffect,1,0x0,0x0,0x0
Moonbow,MoonbowName,LunaEffectDesc,0x0,Moonbow,Bows,DWeapon|NegateDef,BraveWeaponBoost|IsPointer,0x0,0,0,60,0,0,0x22,0,BRank,0x46,0x0,NoEffect,8,0x0,0x0,0x0
Killer Bow,KillerBowName,KillerBowDesc,0x0,KillerBow,Bows,DWeapon,KillingWeaponBoost|IsPointer,FlyingEffectiveness|IsPointer,0,10,80,0,30,0x22,0,BRank,0x2F,0x0,NoEffect,1,0x0,0x0,0x0
Brave Bow,BraveBowName,BraveBowDesc,0x0,BraveBow,Bows,DWeapon|IsBrave,BraveWeaponBoost|IsPointer,FlyingEffectiveness|IsPointer,0,12,75,0,0,0x22,0,ARank,0x30,0x0,NoEffect,3,0x0,0x0,0x0
Heal (DO NOT USE),HealStaffName,HealStaffDesc,HealStaffUseDesc,HealStaff,Staves,IsStaff|Indestructible|Unsellable,0x0,0x0,0,0,100,0,0,0x11,0,ERank,0x49,0x1,NoEffect,2,0x0,0x0,0x0
Mend (DO NOT USE),MendStaffName,MendStaffDesc,MendStaffUseDesc,MendStaff,Staves,IsStaff|Unsellable,0x0,0x0,28,0,100,0,0,0x11,0,DRank,0x4a,0x2,NoEffect,3,0x0,0x0,0x0
Recover (DO NOT USE),RecoverStaffName,RecoverStaffDesc,RecoverStaffUseDesc,RecoverStaff,Staves,IsStaff|Unsellable,0x0,0x0,21,0,100,0,0,0x11,0,BRank,0x4b,0x3,NoEffect,3,0x0,0x0,0x0
Physic (DO NOT USE),PhysicStaffName,PhysicStaffDesc,PhysicStaffUseDesc,PhysicStaff,Staves,IsStaff|Unsellable,0x0,0x0,14,0,100,0,0,0x10,0,CRank,0x4c,0x4,NoEffect,3,0x0,0x0,0x0
Fortify (DO NOT USE),FortifyStaffName,FortifyStaffDesc,FortifyStaffUseDesc,FortifyStaff,Staves,IsStaff|Unsellable,0x0,0x0,7,0,100,0,0,0x10,0,ARank,0x4d,0x5,NoEffect,5,0x0,0x0,0x0
Restore (DO NOT USE),0x3c7,0x476,0x4b4,0x50,Staves,IsStaff|Unsellable,0x0,0x0,0,0,0,0,0,0x11,0,CRank,0x4e,0x6,NoEffect,3,0x0,0x0,0x0
Silence (DO NOT USE),0x3c8,0x477,0x4b5,0x51,Staves,IsStaff|Unsellable,0x0,0x0,0,0,0,0,0,0x10,0,BRank,0x4f,0x7,NoEffect,5,0x0,"ItemStatus(SilenceStatusID,5)",0x0
Sleep (DO NOT USE),0x3c9,0x478,0x4b6,0x52,Staves,IsStaff,0x0,0x0,0,0,0,0,0,0x10,0,BRank,0x50,0x8,NoEffect,5,0x0,"ItemStatus(SleepStatusID,5)",0x0
Berserk (DO NOT USE),0x3ca,0x479,0x4b7,0x53,Staves,IsStaff,0x0,0x0,0,0,0,0,0,0x10,0,BRank,0x51,0x9,NoEffect,5,0x0,"ItemStatus(BerserkStatusID,5)",0x0
Warp (DO NOT USE),WarpStaffName,WarpStaffDesc,WarpStaffUseDesc,WarpStaff,Staves,IsStaff|Unsellable,0x0,0x0,7,0,100,0,0,0x11,0,ARank,0x52,0xa,NoEffect,7,0x0,0x0,0x0
Rescue (DO NOT USE),RescueStaffName,RescueStaffDesc,RescueStaffUseDesc,RescueStaff,Staves,IsStaff|Unsellable,0x0,0x0,7,0,100,0,0,0x10,0,BRank,0x53,0xb,NoEffect,7,0x0,0x0,0x0
Torch (DO NOT USE),0x3cd,0x47c,0x4ba,0x56,Staves,IsStaff,0x0,0x0,0,0,0,0,0,0x10,0,DRank,0x54,0xc,NoEffect,5,0x0,0x0,0x0
Hammerne (DO NOT USE),0x3ce,0x47d,0x4bb,0x57,Staves,IsStaff|CannotRepair,0x0,0x0,0,0,0,0,0,0x11,0,CRank,0x55,0xd,NoEffect,8,0x0,0x0,0x0
Unlock (DO NOT USE),0x3cf,0x47e,0x4bc,0x58,Staves,IsStaff,0x0,0x0,0,0,0,0,0,0x12,0,DRank,0x56,0xe,NoEffect,5,0x0,0x0,0x0
Barrier (DO NOT USE),BarrierStaffName,BarrierStaffDesc,BarrierStaffUseDesc,BarrierStaff,Staves,IsStaff|Unsellable,0x0,0x0,14,0,100,0,0,0x11,0,CRank,0x57,0xf,NoEffect,4,0x0,0x0,0x0
Spark,SparkName,TrainingWeaponDesc,0x0,Spark,Anima,DMagic,TrainingWeaponBoost|IsPointer,0x0,0,0,90,0,255,0x22,0,ERank,0x58,0x0,NoEffect,1,0x0,0x0,0x0
Energy Ring,EnergyRingName,EnergyRingDesc,0x0,EnergyRing,Disarmed,DAccessory,EnergyRingBoost|IsPointer,0x0,0,0,0,0,0,0x11,0,NoRank,0x59,0x10,NoEffect,0,0x0,0x0,0x0
Aged Spirits,AgedSpiritsName,AgedSpiritsDesc,0x0,AgedSpirits,Disarmed,DAccessory,AgedSpiritsBoost|IsPointer,0x0,0,0,0,0,0,0x11,0,NoRank,0x5a,0x11,NoEffect,0,0x0,0x0,0x0
Sense Blindfold,SenseBlindfoldName,SenseBlindfoldDesc,0x0,SenseBlindfold,Disarmed,DAccessory,SenseBlindfoldBoost|IsPointer,0x0,0,0,0,0,0,0x11,0,NoRank,0x5b,0x12,NoEffect,0,0x0,0x0,0x0
Speedwings,SpeedwingsName,SpeedwingsDesc,0x0,Speedwings,Disarmed,DAccessory,SpeedwingsBoost|IsPointer,0x0,0,0,0,0,0,0x11,0,NoRank,0x5c,0x13,NoEffect,0,0x0,0x0,0x0
Sarka Necklace,SarkaNecklaceName,SarkaNecklaceDesc,0x0,SarkaNecklace,Disarmed,DAccessory,SarkaNecklaceBoost|IsPointer,0x0,0,0,0,0,0,0x11,0,NoRank,0x5d,0x14,NoEffect,0,0x0,0x0,0x0
Dracoshield,DracoshieldName,DracoshieldDesc,0x0,Dracoshield,Disarmed,DAccessory,DracoshieldBoost|IsPointer,0x0,0,0,0,0,0,0x11,0,NoRank,0x5e,0x15,NoEffect,0,0x0,0x0,0x0
Talisman,TalismanName,TalismanDesc,0x0,Talisman,Disarmed,DAccessory,TalismanBoost|IsPointer,0x0,0,0,0,0,0,0x11,0,NoRank,0x5f,0x16,NoEffect,0,0x0,0x0,0x0
Leg Ring,LegRingName,LegRingDesc,0x0,LegRing,Disarmed,DAccessory,LegRingBoost|IsPointer,0x0,0,0,0,0,0,0x11,0,NoRank,0x60,0x17,NoEffect,0,0x0,0x0,0x0
Iron Ball,IronBallName,IronBallDesc,0x0,IronBall,Disarmed,DAccessory,IronBallBoost|IsPointer,0x0,0,0,0,0,0,0x11,0,NoRank,0x61,0x18,NoEffect,0,0x0,0x0,0x0
Knight Crest,KnightCrestName,KnightCrestDesc,0x0,KnightCrest,Disarmed,DAccessory,KnightCrestBoost|IsPointer,0x0,0,0,0,0,0,0x11,0,NoRank,0x62,0x19,NoEffect,0,0x0,0x0,0x0
Nihil Band,NihilBandName,NihilBandDesc,0x0,NihilBand,Disarmed,DAccessory,NihilBandBoost|IsPointer,0x0,0,0,0,0,0,0x11,0,NoRank,0x63,0x1a,NoEffect,0,0x0,0x0,0x0
Nullify Ring,NullifyRingName,NullifyRingDesc,0x0,NullifyRing,Disarmed,DAccessory,NullifyRingBoost|IsPointer,0x0,0,0,0,0,0,0x11,0,NoRank,0x64,0x1b,NoEffect,0,0x0,0x0,0x0
Paragon Band,ParagonBandName,ParagonBandDesc,0x0,ParagonBand,Disarmed,DAccessory,ParagonBandBoost|IsPointer,0x0,0,0,0,0,0,0x11,0,NoRank,0x65,0x1c,NoEffect,0,0x0,0x0,0x0
Iron Rune,IronRuneName,IronRuneDesc,0x0,IronRune,Disarmed,DAccessory|NegateCriticals,IronRuneBoost|IsPointer,0x0,0,0,0,0,0,0x11,0,NoRank,0x66,0x1d,NoEffect,0,0x0,0x0,0x0
Chest Key (DO NOT USE),ChestKeyName,ChestKeyDesc,ChestKeyDesc,ChestKey,Disarmed,Unsellable,0x0,0x0,0,0,0,0,0,0x11,0,NoRank,0x67,0x1e,NoEffect,0,0x0,0x0,0x0
Door Key (DO NOT USE),DoorKeyName,DoorKeyDesc,DoorKeyDesc,DoorKey,Disarmed,Unsellable,0x0,0x0,0,0,0,0,0,0x11,0,NoRank,0x68,0x1f,NoEffect,0,0x0,0x0,0x0
Lockpick (DO NOT USE),LockpickName,LockpickDesc,LockpickDesc,Lockpick,Disarmed,Unsellable,0x0,0x0,0,0,0,0,0,0x11,0,NoRank,0x69,0x20,NoEffect,0,0x0,0x0,0x0
Vulnerary (DO NOT USE),VulneraryName,VulneraryDesc,VulneraryDesc,Vulnerary,Disarmed,Unsellable,0x0,0x0,7,0,0,0,0,0x11,0,NoRank,0x6a,0x21,NoEffect,0,0x0,0x0,0x0
Elixir (DO NOT USE),ElixirName,ElixirDesc,ElixirDesc,Elixir,Disarmed,Unsellable,0x0,0x0,2,0,0,0,0,0x11,0,NoRank,0x6b,0x22,NoEffect,0,0x0,0x0,0x0
Pure Water (DO NOT USE),0x3e7,0x496,0x4d4,0x6e,Disarmed,0x0,0x0,0x0,0,0,0,0,0,0x11,0,NoRank,0x6c,0x23,NoEffect,0,0x0,0x0,0x0
Antitoxin (DO NOT USE),0x3e8,0x497,0x4d5,0x6f,Disarmed,0x0,0x0,0x0,0,0,0,0,0,0x11,0,NoRank,0x6d,0x24,NoEffect,0,0x0,0x0,0x0
Torch (DO NOT USE),0x3e9,0x498,0x4d6,0x70,Disarmed,0x0,0x0,0x0,0,0,0,0,0,0x11,0,NoRank,0x6e,0x25,NoEffect,0,0x0,0x0,0x0
Wind,WindName,SlimWeaponDesc,0x0,Wind,Anima,DMagic,SlimWeaponBoost|IsPointer,0x0,0,4,80,0,0,0x22,0,DRank,0xda,0x0,NoEffect,0,0x0,0x0,0x0
Fireball,FireballName,IronWeaponDesc,0x0,Fireball,Anima,DMagic,IronWeaponBoost|IsPointer,0x0,0,7,75,0,0,0x22,0,CRank,0x84,0x0,NoEffect,0,0x0,0x0,0x0
Thunder,ThunderName,SteelWeaponDesc,0x0,Thunder,Anima,DMagic,SteelWeaponBoost|IsPointer,0x0,0,10,70,0,0,0x22,0,BRank,0x85,0x0,NoEffect,0,0x0,0x0,0x0
Fimbulvetr,FimbulvetrName,SilverMagicDesc,0x0,Fimbulvetr,Anima,DMagic,SilverMagicBoost|IsPointer,0x0,0,13,75,0,0,0x22,0,ARank,0x86,0x0,NoEffect,0,0x0,0x0,0x0
Zephyr,ZephyrName,RangedEffectDesc,0x0,Zephyr,Anima,DMagic,0x0,0x0,0,4,85,0,0,0x12,0,DRank,0x87,0x0,NoEffect,0,0x0,0x0,0x0
Scorch,ScorchName,RangedEffectDesc,0x0,Scorch,Anima,DMagic,0x0,0x0,0,8,80,0,0,0x12,0,CRank,0x88,0x0,NoEffect,0,0x0,0x0,0x0
Gold (DO NOT USE),0x3f2,0x4a1,0x4da,0x77,0x9,0x0,0x0,0x0,0,0,0,0,0,0x11,0,NoRank,0x89,0x0,NoEffect,0,0x0,0x0,0x0
Electrocute,ElectrocuteName,RangedEffectDesc,0x0,Electrocute,Anima,DMagic,0x0,0x0,0,13,75,0,0,0x12,0,BRank,0xb3,0x0,NoEffect,2,0x0,0x0,0x0
Chest Key (5) (DO NOT USE),0x3e2,0x491,0x4cf,0x79,0x9,0x0,0x0,0x0,0,0,0,0,0,0x11,0,NoRank,0x67,0x26,NoEffect,0,0x0,0x0,0x0
Mine (DUMMY) (DO NOT USE),0x403,0x4ab,0x0,0x7a,0x9,0x0,0x0,0x0,0,0,0,0,0,0x11,0,NoRank,0x8c,0x27,NoEffect,0,0x0,0x0,0x0
Light Rune (DUMMY),0x403,0x4ab,0x0,0x7b,0x9,0x0,0x0,0x0,0,0,0,0,0,0x11,0,NoRank,0x8d,0x28,NoEffect,0,0x0,0x0,0x0
Overheat,OverheatName,OverheatDesc,0x0,Overheat,Anima,DMagic,EffectiveMagicBoost|IsPointer,ArmorEffectiveness|IsPointer,0,7,80,0,0,0x22,0,CRank,0xdb,0x0,NoEffect,0,0x0,0x0,0x0
Filla's Might (DUMMY) (DO NOT USE),0x403,0x4ab,0x0,0x7d,0xc,CannotRepair,0x0,0x0,0,0,0,0,0,0x11,0,NoRank,0x8f,0x29,NoEffect,0,0x0,"ItemStatus(AtkRingStatusID,1)",0x0
Ninis's Grace (DUMMY) (DO NOT USE),0x403,0x4ab,0x0,0x7e,0xc,CannotRepair,0x0,0x0,0,0,0,0,0,0x11,0,NoRank,0x90,0x2a,NoEffect,0,0x0,"ItemStatus(DefRingStatusID,1)",0x0
Thor's Ire (DUMMY) (DO NOT USE),0x403,0x4ab,0x0,0x7f,0xc,CannotRepair,0x0,0x0,0,0,0,0,0,0x11,0,NoRank,0x91,0x2b,NoEffect,0,0x0,"ItemStatus(CritRingStatusID,1)",0x0
Set's Litany (DUMMY) (DO NOT USE),0x403,0x4ab,0x0,0x80,0xc,CannotRepair,0x0,0x0,0,0,0,0,0,0x11,0,NoRank,0x92,0x2c,NoEffect,0,0x0,"ItemStatus(AvoRingStatusID,1)",0x0
Flamelick,FlamelickName,FlamelickDesc,0x0,Flamelick,Anima,DMagic,EffectiveMagicBoost|IsPointer,CavalryEffectiveness|IsPointer,0,8,75,0,0,0x22,0,BRank,0x93,0x0,NoEffect,1,0x0,0x0,0x0
Bolganone,BolganoneName,BolganoneDesc,0x0,Bolganone,Anima,DMagic,EffectiveMagicBoost|IsPointer,LanceEffectiveness|IsPointer,0,10,70,0,0,0x22,0,ARank,0x94,0x0,NoEffect,1,0x0,0x0,0x0
Cutting Gale,CuttingGaleName,KillingEffectDesc,0x0,CuttingGale,Anima,DMagic,KillingWeaponBoost|IsPointer,0x0,0,10,80,0,0,0x22,0,BRank,0x95,0x0,NoEffect,1,0x0,0x0,0x0
Dire Thunder,DireThunderName,BraveEffectDesc,0x0,DireThunder,Anima,DMagic|IsBrave,BraveWeaponBoost|IsPointer,0x0,0,15,70,0,0,0x22,0,ARank,0x96,0x0,NoEffect,1,0x0,0x0,0x0
Cleansing Flame,CleansingFlameName,ReaverEffectDesc,0x0,CleansingFlame,Anima,DMagic|ReaverEffect,0x0,0x0,0,7,70,0,0,0x22,0,CRank,0xb0,0x0,NoEffect,1,0x0,0x0,0x0
Glow,GlowName,TrainingWeaponDesc,0x0,Glow,Light,DMagic,TrainingWeaponBoost|IsPointer,0x0,0,0,100,0,255,0x22,0,ERank,0xb8,0x0,NoEffect,1,0x0,0x0,0x0
Lightning,LightningName,SlimWeaponDesc,0x0,Lightning,Light,DMagic,SlimWeaponBoost|IsPointer,0x0,0,3,90,0,0,0x22,0,DRank,0xbb,0x0,NoEffect,1,0x0,0x0,0x0
Master Seal (DO NOT USE),MasterSealName,MasterSealDesc,0x4de,MasterSeal,Disarmed,0x0,0x0,0x0,0,0,0,0,0,0x11,0,NoRank,0xd9,0x2d,NoEffect,0,0x0,0x0,0x0
Spotlight (DO NOT USE),SpotlightName,SpotlightDesc,0x4df,Spotlight,Disarmed,0x0,0x0,0x0,0,0,0,0,0,0x11,0,NoRank,0xdc,0x2e,NoEffect,0,0x0,0x0,0x0
Heaven Seal (DUMMY) (DO NOT USE),0x403,0x4ab,0x0,0x8a,0x9,0x0,0x0,0x0,0,0,0,0,0,0x11,0,NoRank,0x9c,0x2f,NoEffect,0,0x0,0x0,0x0
Shine,ShineName,IronWeaponDesc,0x0,Shine,Light,DMagic,IronWeaponBoost|IsPointer,0x0,0,6,85,0,0,0x22,0,CRank,0xd0,0x0,NoEffect,0,0x0,0x0,0x0
Legendary Staff (DO NOT USE),LegendaryStaffName,LegendaryStaffDesc,LegendaryStaffDesc,0x8c,Staves,IsStaff|Unsellable,0x0,0x0,1,0,100,0,0,0xff,0,SRank,0xc3,0x37,NoEffect,1,0x0,0x0,0x0
Divine,DivineName,SteelWeaponDesc,0x0,Divine,Light,DMagic,SteelWeaponBoost|IsPointer,0x0,0,9,80,0,0,0x22,0,BRank,0xb6,0x0,NoEffect,1,0x0,0x0,0x0
Aura,AuraName,SilverMagicDesc,0x0,Aura,Light,DMagic,SilverWeaponBoost|IsPointer,0x0,0,12,85,0,0,0x22,0,ARank,0xb5,0x0,NoEffect,1,0x0,0x0,0x0
Holy Light,HolyLightName,RangedEffectDesc,0x0,HolyLight,Light,DMagic,0x0,0x0,0,5,90,0,0,0x12,0,DRank,0xbd,0x0,NoEffect,1,0x0,0x0,0x0
Wretched Air (DO NOT USE),0x397,0x447,0x4ac,0x90,0xb,0x0,0x88aef6c,0x0,0,0,0,0,0,0x12,0,ARank,0x79,0x0,NoEffect,0,0x0,0x0,0x0
Luminescence,LuminescenceName,RangedEffectDesc,0x0,Luminescence,Light,DMagic,0x0,0x0,0,9,85,0,0,0x11,0,CRank,0xb1,0x0,NoEffect,1,0x0,0x0,0x0
Congerere,CongerereName,RangedEffectDesc,0x0,Congerere,Light,DMagic,0x0,0x0,0,13,80,0,0,0x12,0,BRank,0xb4,0x0,NoEffect,1,0x0,0x0,0x0
Kirkhammer,KirkhammerName,OverheatDesc,0x0,Kirkhammer,Light,DMagic,EffectiveMagicBoost|IsPointer,ArmorEffectiveness|IsPointer,0,6,80,0,0,0x22,0,CRank,0xb7,0x0,NoEffect,1,0x0,0x0,0x0
Seraphim,SeraphimName,FlamelickDesc,0x0,Seraphim,Light,DMagic,EffectiveMagicBoost|IsPointer,FlyingEffectiveness|IsPointer,0,8,75,0,0,0x22,0,BRank,0xba,0x0,NoEffect,1,0x0,0x0,0x0
Steelblind,SteelblindName,SteelblindDesc,0x0,Steelblind,Light,DMagic,EffectiveMagicBoost|IsPointer,SwordEffectiveness|IsPointer,0,10,70,0,0,0x22,0,ARank,0xa7,0x0,NoEffect,1,0x0,0x0,0x0
Dazzle,DazzleName,CannotCounterEffectDesc,0x0,Dazzle,Light,DMagic|Uncounterable,0x0,0x0,0,7,70,0,0,0x22,0,BRank,0xa8,0x0,CannotDouble,1,0x0,0x0,0x0
Ocean Seal (DO NOT USE),0x3f6,0x4a7,0x4e0,0x97,0x9,0x0,0x0,0x0,0,0,0,0,0,0x11,0,NoRank,0xa9,0x30,NoEffect,0,0x0,0x0,0x0
Lunar Brace (DO NOT USE),0x3f7,0x0,0x4e1,0x98,0x9,Unsellable,0x0,0x0,0,0,0,0,0,0x11,0,NoRank,0xd8,0x31,NoEffect,0,0x0,0x0,0x0
Solar Brace (DO NOT USE),0x3f8,0x0,0x4e2,0x99,0x9,Unsellable,0x0,0x0,0,0,0,0,0,0x11,0,NoRank,0xd7,0x32,NoEffect,0,0x0,0x0,0x0
1G (DO NOT USE),0x3f9,0x4a1,0x4da,0x9a,0x9,0x0,0x0,0x0,0,0,0,0,0,0x11,0,NoRank,0x89,0x0,NoEffect,0,0x0,0x0,0x0
5G (DO NOT USE),0x3fa,0x4a1,0x4da,0x9b,0x9,0x0,0x0,0x0,0,0,0,0,0,0x11,0,NoRank,0x89,0x0,NoEffect,0,0x0,0x0,0x0
10G (DO NOT USE),0x3fb,0x4a1,0x4da,0x9c,0x9,0x0,0x0,0x0,0,0,0,0,0,0x11,0,NoRank,0x89,0x0,NoEffect,0,0x0,0x0,0x0
50G (DO NOT USE),0x3fc,0x4a1,0x4da,0x9d,0x9,0x0,0x0,0x0,0,0,0,0,0,0x11,0,NoRank,0x89,0x0,NoEffect,0,0x0,0x0,0x0
100G (DO NOT USE),0x3fd,0x4a1,0x4da,0x9e,0x9,0x0,0x0,0x0,0,0,0,0,0,0x11,0,NoRank,0x89,0x0,NoEffect,0,0x0,0x0,0x0
3000G (DO NOT USE),0x400,0x4a1,0x4da,0x9f,0x9,0x0,0x0,0x0,0,0,0,0,0,0x11,0,NoRank,0x89,0x0,NoEffect,0,0x0,0x0,0x0
5000G (DO NOT USE),0x401,0x4a1,0x4da,0xa0,0x9,0x0,0x0,0x0,0,0,0,0,0,0x11,0,NoRank,0x89,0x0,NoEffect,0,0x0,0x0,0x0
Judgement,JudgementName,KillingEffectDesc,0x0,Judgement,Light,DMagic,KillingWeaponBoost|IsPointer,0x0,0,10,85,0,30,0x22,0,BRank,0xaa,0x0,NoEffect,1,0x0,0x0,0x0
Vulnerary (DO NOT USE),0x3e5,0x494,0x4d2,0xa2,0x9,0x0,0x0,0x0,0,0,0,0,0,0x11,0,NoRank,0x6a,0x33,NoEffect,0,0x0,0x0,0x0
Vulnerary (green note) (DO NOT USE),0x3e5,0x494,0x4d2,0xa3,0x9,0x0,0x0,0x0,0,0,0,0,0,0x11,0,NoRank,0xab,0x34,NoEffect,0,0x0,0x0,0x0
Vulnerary (red note) (DO NOT USE),0x3e5,0x494,0x4d2,0xa4,0x9,0x0,0x0,0x0,0,0,0,0,0,0x11,0,NoRank,0xac,0x35,NoEffect,0,0x0,0x0,0x0
Dance (DO NOT USE),0x3d2,0x481,0x4bf,0xa5,0xc,0x0,0x0,0x0,0,0,0,0,0,0x11,0,NoRank,0x0,0x0,NoEffect,0,0x0,0x0,0x0
Nightmare (DO NOT USE),0x39c,0x44c,0x0,0xa6,0x4,IsStaff,0x88aefa8,0x0,0,0,0,0,0,0x13,0,NoRank,0xc7,0x35,NoEffect,0,0x0,"ItemStatus(SleepStatusID,5)",0x0
Demon Stone (DUMMY) (DO NOT USE),0x399,0x449,0x4ae,0xa7,0xb,IsWeapon|Indestructible|MonsterWeapon,0x0,0x0,0,0,0,0,0,0x11,0,NoRank,0x88,0x0,NoEffect,0,0x0,0x0,0x0
Demon Light (DO NOT USE),0x39a,0x44a,0x0,0xa8,0xb,IsWeapon|Indestructible|MonsterWeapon,0x88aefb4,0x0,0,0,0,0,0,0x13,0,NoRank,0xc5,0x0,NoEffect,0,0x0,0x0,0x0
Ravager (DO NOT USE),0x39b,0x44b,0x0,0xa9,0xb,IsWeapon|Indestructible|MonsterWeapon,0x88aefc0,0x0,0,0,0,0,0,0x11,0,NoRank,0xc6,0x0,NoEffect,0,0x0,0x0,0x0
Dragonstone (DO NOT USE),0x398,0x448,0x4ad,0xaa,0xb,IsWeapon|IsMagic|Indestructible|MonsterWeapon,0x88aefcc,0x0,0,0,0,0,0,0x11,0,NoRank,0xc4,0x0,NoEffect,0,0x0,0x0,0x0
Demon Surge (DO NOT USE),0x3c0,0x46f,0x0,0xab,0x7,IsWeapon|IsMagic|Unsellable,0x0,0x0,0,0,0,0,0,0x12,0,NoRank,0xc1,0x0,NoEffect,0,0x0,0x0,0x0
Shadowshot (DO NOT USE),0x3c1,0x470,0x0,0xac,0x7,IsWeapon|IsMagic|Uncounterable,0x0,0x0,0,0,0,0,0,0x3a,0,NoRank,0xc2,0x0,CannotDouble,0,0x0,0x0,0x0
Zeal,ZealName,BraveEffectDesc,0x0,Zeal,Light,DMagic|IsBrave,BraveWeaponBoost|IsPointer,0x0,0,14,75,0,0,0x22,0,ARank,0xd1,0x0,NoEffect,0,0x0,0x0,0x0
Inquisition,InquisitionName,ReaverEffectDesc,0x0,Inquisition,Light,DMagic|ReaverEffect,0x0,0x0,0,6,80,0,0,0x22,0,CRank,0xd2,0x0,NoEffect,0,0x0,0x0,0x0
Flux,FluxName,TrainingWeaponDesc,0x0,Flux,Dark,DMagic,TrainingWeaponBoost|IsPointer,0x0,0,0,80,0,255,0x22,0,ERank,0xd3,0x0,NoEffect,0,0x0,0x0,0x0
Mire,MireName,SlimWeaponDesc,0x0,Mire,Dark,DMagic,SlimWeaponBoost|IsPointer,0x0,0,4,75,0,0,0x22,0,DRank,0xd4,0x0,NoEffect,0,0x0,0x0,0x0
Swarm,SwarmName,IronWeaponDesc,0x0,Swarm,Dark,DMagic,IronWeaponBoost|IsPointer,0x0,0,7,70,0,0,0x22,0,CRank,0xd5,0x0,NoEffect,0,0x0,0x0,0x0
Death,DeathName,SteelWeaponDesc,0x0,Death,Dark,DMagic,SteelWeaponBoost|IsPointer,0x0,0,11,65,0,0,0x22,0,BRank,0xd6,0x0,NoEffect,0,0x0,0x0,0x0
Fenrir,FenrirName,SilverMagicDesc,0x0,Fenrir,Dark,DMagic,SilverMagicBoost|IsPointer,0x0,0,14,70,0,0,0x22,0,ARank,0xbe,0x0,NoEffect,0,0x0,0x0,0x0
Miasma,MiasmaName,RangedEffectDesc,0x0,Miasma,Dark,DMagic,0x0,0x0,0,8,70,0,0,0x12,0,DRank,0xbf,0x0,NoEffect,0,0x0,0x0,0x0
Stone (DO NOT USE),0x3bd,0x46c,0x0,0xb5,0x7,IsWeapon|IsMagic,0x0,0x0,0,0,0,0,0,0x12,0,NoRank,0xc0,0x0,StoneEffect,5,0x0,0x0,0x0
Banshee,BansheeName,RangedEffectDesc,0x0,Banshee,Dark,DMagic,0x0,0x0,0,11,65,0,0,0x12,0,CRank,0x35,0x0,NoEffect,1,0x0,0x0,0x0
Juna Fruit (DO NOT USE),0x402,0x4aa,0x4e3,0xb7,0x9,0x0,0x0,0x0,0,0,0,0,0,0x11,0,NoRank,0xdd,0x36,NoEffect,0,0x0,0x0,0x0
150G (DO NOT USE),0x3fe,0x4a1,0x4da,0xb8,0x9,0x0,0x0,0x0,0,0,0,0,0,0x11,0,NoRank,0x89,0x0,NoEffect,0,0x0,0x0,0x0
200G (DO NOT USE),0x3ff,0x4a1,0x4da,0xb9,0x9,0x0,0x0,0x0,0,0,0,0,0,0x11,0,NoRank,0x89,0x0,NoEffect,0,0x0,0x0,0x0
Hades,HadesName,RangedEffectDesc,0x0,Hades,Dark,DMagic,0x0,0x0,0,14,70,0,0,0x12,0,BRank,0xc8,0x0,NoEffect,0,0x0,0x0,0x0
Terror,TerrorName,CavalryEffectiveDesc,0x0,Terror,Dark,DMagic,EffectiveMagicBoost|IsPointer,CavalryEffectiveness|IsPointer,0,9,70,0,0,0x22,0,CRank,0xc9,0x0,NoEffect,0,0x0,0x0,0x0
Skill Scroll (DO NOT USE),0xFFFF,0xFFFF,SkillScrollDesc,0xbc,0x9,0x0,0x0,0x0,0,0,0,0,0,0x11,0,NoRank,0x0,0x38,NoEffect,0,0x0,0x0,0x0
Nosferatu,NosferatuName,NosferatuDesc,0x0,Nosferatu,Dark,DMagic,BraveWeaponBoost|IsPointer,0x0,0,7,60,0,0,0x22,0,CRank,0x0,0x0,NosferatuEffect,1,0x0,0x0,0x0
Luna,LunaName,LunaEffectDesc,0x0,Luna,Dark,DMagic|NegateDef,BraveWeaponBoost|IsPointer,0x0,0,0,60,0,0,0x22,0,BRank,0x0,0x0,NoEffect,1,0x0,0x0,0x0
Singularity,SingularityName,SingularityDesc,0x0,Singularity,Dark,DMagic,EffectiveMagicBoost|IsPointer,BowEffectiveness|IsPointer,0,10,70,0,0,0x22,0,ARank,0x0,0x0,NoEffect,1,0x0,0x0,0x0
Ruin,RuinName,KillingEffectDesc,0x0,Ruin,Dark,DMagic,KillingWeaponBoost|IsPointer,0x0,0,12,65,0,0,0x22,0,BRank,0x0,0x0,NoEffect,1,0x0,0x0,0x0
Encroach,EncroachName,BraveEffectDesc,0x0,Encroach,Dark,DMagic|IsBrave,BraveWeaponBoost|IsPointer,0x0,0,16,60,0,0,0x22,0,ARank,0x0,0x0,NoEffect,1,0x0,0x0,0x0
Corrode,CorrodeName,ReaverEffectDesc,0x0,Corrode,Dark,DMagic|ReaverEffect,0x0,0x0,0,8,70,0,0,0x22,0,CRank,0x0,0x0,NoEffect,1,0x0,0x0,0x0
Legendary Sword,LegendarySwordName,LegendarySwordDesc,0x0,LegendarySword,Swords,DWeapon,0x0,0x0,0,0,0,0,0,0x11,0,SRank,0x0,0x0,NoEffect,1,0x0,0x0,0x0
Legendary Lance,LegendaryLanceName,LegendaryLanceDesc,0x0,LegendaryLance,Lances,DWeapon,0x0,0x0,0,0,0,0,0,0x11,0,SRank,0x0,0x0,NoEffect,1,0x0,0x0,0x0
Legendary Axe,LegendaryAxeName,LegendaryAxeDesc,0x0,LegendaryAxe,Axes,DWeapon,0x0,0x0,0,0,0,0,0,0x11,0,SRank,0x0,0x0,NoEffect,1,0x0,0x0,0x0
Legendary Bow,LegendaryBowName,LegendaryBowDesc,0x0,LegendaryBow,Bows,DWeapon,0x0,FlyingEffectiveness|IsPointer,0,0,0,0,0,0x22,0,SRank,0x0,0x0,NoEffect,1,0x0,0x0,0x0
Legenary Anima,LegendaryAnimaName,LegendaryAnimaDesc,0x0,LegendaryAnima,Anima,DMagic,0x0,0x0,0,0,0,0,0,0x22,0,SRank,0x0,0x0,NoEffect,1,0x0,0x0,0x0
Legendary Light,LegendaryLightName,LegendaryLightDesc,0x0,LegendaryLight,Light,DMagic,0x0,0x0,0,0,0,0,0,0x22,0,SRank,0x0,0x0,NoEffect,1,0x0,0x0,0x0
Regoliath,RegoliathName,RegoliathDesc,0x0,Regoliath,Dark,DMagic,0x0,0x0,0,0,0,0,0,0x22,0,SRank,0x0,0x0,NoEffect,1,0x0,0x0,0x0
Oshka Blade,OskhaBladeName,OskhaBladeDesc,0x0,OskhaBlade,Swords,DWeapon|UlrichLockID,0x0,0x0,0,0,0,0,0,0x12,0,NoRank,0x0,0x0,NosferatuEffect,1,0x0,0x0,0x0
Sirventes,SirventesName,SirventesDesc,0x0,Sirventes,Light,DMagic|JosephineLockID,DracoshieldBoost|IsPointer,0x0,0,6,75,0,5,0x22,0,NoRank,0x0,0x0,NoEffect,1,0x0,0x0,0x0
Fragarach,FragarachName,FragarachDesc,0x0,Fragarach,Anima,DMagic|KlaudiaLockID,0x0,0x0,0,0,0,0,0,0x22,0,NoRank,0x9d,0x0,NoEffect,0,0x0,0x0,0x0
Eclipse,EclipseName,EclipseDesc,0x0,Eclipse,Dark,DMagic|Uncounterable|EmilleLockID,0x0,0x0,0,0,0,0,0,0x22,0,NoRank,0x0,0x0,EclipseEffect,1,0x0,0x0,0x0
Amiti,AmitiName,AmitiDesc,0x0,Amiti,Swords,DWeapon|IsBrave|KynanLockID,TrainingWeaponBoost|IsPointer,0x0,0,0,0,0,0,0x11,0,NoRank,0x0,0x0,NoEffect,1,0x0,0x0,0x0
Pugi,PugiName,PugiDesc,0x0,Pugi,Axes,DWeapon|BearLockID,0x0,0x0,0,0,0,0,0,0x22,0,NoRank,0x0,0x0,NoEffect,1,0x0,0x0,0x0
Karma,KarmaName,KarmaDesc,0x0,Karma,Swords,DWeapon|SamilLockID,0x0,0x0,0,0,0,0,0,0x11,0,NoRank,0x0,0x0,NoEffect,1,0x0,0x0,0x0
Death Tempest,DeathTempestName,DeathTempestDesc,0x0,DeathTempest,Anima,DMagic|AstraeaLockID,0x0,0x0,0,0,0,0,0,0x12,0,NoRank,0x0,0x0,NoEffect,1,0x0,0x0,0x0
Sirius,SiriusName,SiriusDesc,0x0,Sirius,Lances,DWeapon|EstellaLockID,0x0,0x0,0,0,0,0,0,0x11,0,NoRank,0x0,0x0,NoEffect,1,0x0,0x0,0x0
Procyon,ProcyonName,ProcyonDesc,0x0,Procyon,Swords,DWeapon|CarinaLockID,0x0,0x0,0,0,0,0,0,0x11,0,NoRank,0x0,0x0,NoEffect,1,0x0,0x0,0x0
Crusher,CrusherName,CrusherDesc,0x0,Crusher,Axes,DWeapon|AxelLockID,0x0,0x0,0,0,0,0,0,0x11,0,NoRank,0x0,0x0,DevilEffect,1,0x0,0x0,0x0
Vague Katti,VagueKattiName,VagueKattiDesc,0x0,VagueKatti,Swords,DWeapon|HongChenLockID,0x0,0x0,0,0,0,0,0,0x11,0,NoRank,0x0,0x0,NoEffect,1,0x0,0x0,0x0
Fernyiges PRF,FernyigesPRFName,FernyigesDesc,0x0,FernyigesPRF,Axes,DWeapon|FernyigesLockID,0x0,0x0,0,0,0,0,0,0x13,0,NoRank,0x0,0x0,NoEffect,1,0x0,0x0,0x0
Cassandra PRF,CassandraPRFName,CassandraDesc,0x0,CassandraPRF,Light,DMagic|CassandraLockID,0x0,0x0,0,0,0,0,0,0x13,0,NoRank,0x0,0x0,NoEffect,1,0x0,0x0,0x0
Elwind,ElwindName,IronHeavyDesc,0x0,Elwind,Anima,DMagic,IronHeavyWeaponBoost|IsPointer,0x0,0,0,0,0,0,0x22,0,CRank,0x0,0x0,NoEffect,1,0x0,0x0,0x0
Elfire,ElfireName,SteelHeavyDesc,0x0,Elfire,Anima,DMagic,SteelHeavyWeaponBoost|IsPointer,0x0,0,0,0,0,0,0x22,0,BRank,0x0,0x0,NoEffect,1,0x0,0x0,0x0
Elthunder,ElthunderName,ElthunderDesc,0x0,Elthunder,Anima,DMagic,SilverHeavyMagicBoost|IsPointer,0x0,0,0,0,0,0,0x22,0,ARank,0x0,0x0,NoEffect,1,0x0,0x0,0x0
Hunting Bow,HuntingBowName,HuntingBowDesc,0x0,HuntingBow,Bows,DWeapon|DaneLockID,0x0,CavalryEffectiveness|IsPointer,0,0,0,0,0,0x22,0,NoRank,0x0,0x0,NoEffect,1,0x0,0x0,0x0
Yamaha,YamahaName,YamahaDesc,0x0,Yamaha,Axes,DWeapon|MaybellineLockID,0x0,0x0,0,0,0,0,0,0x23,0,NoRank,0x0,0x0,NoEffect,1,0x0,0x0,0x0
Eclipse,0x403,0x4ab,0x0,0xdd,0xc,0x0,0x0,0x0,0,0,0,0,0,0x12,0,NoRank,0x0,0x0,NoEffect,1,0x0,0x0,0x0
Eclipse,0x403,0x4ab,0x0,0xde,0xc,0x0,0x0,0x0,0,0,0,0,0,0x12,0,NoRank,0x0,0x0,NoEffect,1,0x0,0x0,0x0
Eclipse,0x403,0x4ab,0x0,0xdf,0xc,0x0,0x0,0x0,0,0,0,0,0,0x12,0,NoRank,0x0,0x0,NoEffect,1,0x0,0x0,0x0
Eclipse,0x403,0x4ab,0x0,0xe0,0xc,0x0,0x0,0x0,0,0,0,0,0,0x12,0,NoRank,0x0,0x0,NoEffect,1,0x0,0x0,0x0
Eclipse,0x403,0x4ab,0x0,0xe1,0xc,0x0,0x0,0x0,0,0,0,0,0,0x12,0,NoRank,0x0,0x0,NoEffect,1,0x0,0x0,0x0
Eclipse,0x403,0x4ab,0x0,0xe2,0xc,0x0,0x0,0x0,0,0,0,0,0,0x12,0,NoRank,0x0,0x0,NoEffect,1,0x0,0x0,0x0
Eclipse,0x403,0x4ab,0x0,0xe3,0xc,0x0,0x0,0x0,0,0,0,0,0,0x12,0,NoRank,0x0,0x0,NoEffect,1,0x0,0x0,0x0
Eclipse,0x403,0x4ab,0x0,0xe4,0xc,0x0,0x0,0x0,0,0,0,0,0,0x12,0,NoRank,0x0,0x0,NoEffect,1,0x0,0x0,0x0
Eclipse,0x403,0x4ab,0x0,0xe5,0xc,0x0,0x0,0x0,0,0,0,0,0,0x12,0,NoRank,0x0,0x0,NoEffect,1,0x0,0x0,0x0
Eclipse,0x403,0x4ab,0x0,0xe6,0xc,0x0,0x0,0x0,0,0,0,0,0,0x12,0,NoRank,0x0,0x0,NoEffect,1,0x0,0x0,0x0
Eclipse,0x403,0x4ab,0x0,0xe7,0xc,0x0,0x0,0x0,0,0,0,0,0,0x12,0,NoRank,0x0,0x0,NoEffect,1,0x0,0x0,0x0
Eclipse,0x403,0x4ab,0x0,0xe8,0xc,0x0,0x0,0x0,0,0,0,0,0,0x12,0,NoRank,0x0,0x0,NoEffect,1,0x0,0x0,0x0
Eclipse,0x403,0x4ab,0x0,0xe9,0xc,0x0,0x0,0x0,0,0,0,0,0,0x12,0,NoRank,0x0,0x0,NoEffect,1,0x0,0x0,0x0
Eclipse,0x403,0x4ab,0x0,0xea,0xc,0x0,0x0,0x0,0,0,0,0,0,0x12,0,NoRank,0x0,0x0,NoEffect,1,0x0,0x0,0x0
Eclipse,0x403,0x4ab,0x0,0xeb,0xc,0x0,0x0,0x0,0,0,0,0,0,0x12,0,NoRank,0x0,0x0,NoEffect,1,0x0,0x0,0x0
Eclipse,0x403,0x4ab,0x0,0xec,0xc,0x0,0x0,0x0,0,0,0,0,0,0x12,0,NoRank,0x0,0x0,NoEffect,1,0x0,0x0,0x0
Eclipse,0x403,0x4ab,0x0,0xed,0xc,0x0,0x0,0x0,0,0,0,0,0,0x12,0,NoRank,0x0,0x0,NoEffect,1,0x0,0x0,0x0
Eclipse,0x403,0x4ab,0x0,0xee,0xc,0x0,0x0,0x0,0,0,0,0,0,0x12,0,NoRank,0x0,0x0,NoEffect,1,0x0,0x0,0x0
Eclipse,0x403,0x4ab,0x0,0xef,0xc,0x0,0x0,0x0,0,0,0,0,0,0x12,0,NoRank,0x0,0x0,NoEffect,1,0x0,0x0,0x0
Eclipse,0x403,0x4ab,0x0,0xf0,0xc,0x0,0x0,0x0,0,0,0,0,0,0x12,0,NoRank,0x0,0x0,NoEffect,1,0x0,0x0,0x0
Eclipse,0x403,0x4ab,0x0,0xf1,0xc,0x0,0x0,0x0,0,0,0,0,0,0x12,0,NoRank,0x0,0x0,NoEffect,1,0x0,0x0,0x0
Eclipse,0x403,0x4ab,0x0,0xf2,0xc,0x0,0x0,0x0,0,0,0,0,0,0x12,0,NoRank,0x0,0x0,NoEffect,1,0x0,0x0,0x0
Eclipse,0x403,0x4ab,0x0,0xf3,0xc,0x0,0x0,0x0,0,0,0,0,0,0x12,0,NoRank,0x0,0x0,NoEffect,1,0x0,0x0,0x0
Eclipse,0x403,0x4ab,0x0,0xf4,0xc,0x0,0x0,0x0,0,0,0,0,0,0x12,0,NoRank,0x0,0x0,NoEffect,1,0x0,0x0,0x0
Eclipse,0x403,0x4ab,0x0,0xf5,0xc,0x0,0x0,0x0,0,0,0,0,0,0x12,0,NoRank,0x0,0x0,NoEffect,1,0x0,0x0,0x0
Eclipse,0x403,0x4ab,0x0,0xf6,0xc,0x0,0x0,0x0,0,0,0,0,0,0x12,0,NoRank,0x0,0x0,NoEffect,1,0x0,0x0,0x0
Eclipse,0x403,0x4ab,0x0,0xf7,0xc,0x0,0x0,0x0,0,0,0,0,0,0x12,0,NoRank,0x0,0x0,NoEffect,1,0x0,0x0,0x0
Eclipse,0x403,0x4ab,0x0,0xf8,0xc,0x0,0x0,0x0,0,0,0,0,0,0x12,0,NoRank,0x0,0x0,NoEffect,1,0x0,0x0,0x0
Eclipse,0x403,0x4ab,0x0,0xf9,0xc,0x0,0x0,0x0,0,0,0,0,0,0x12,0,NoRank,0x0,0x0,NoEffect,1,0x0,0x0,0x0
Eclipse,0x403,0x4ab,0x0,0xfa,0xc,0x0,0x0,0x0,0,0,0,0,0,0x12,0,NoRank,0x0,0x0,NoEffect,1,0x0,0x0,0x0
Eclipse,0x403,0x4ab,0x0,0xfb,0xc,0x0,0x0,0x0,0,0,0,0,0,0x12,0,NoRank,0x0,0x0,NoEffect,1,0x0,0x0,0x0
Eclipse,0x403,0x4ab,0x0,0xfc,0xc,0x0,0x0,0x0,0,0,0,0,0,0x12,0,NoRank,0x0,0x0,NoEffect,1,0x0,0x0,0x0
Eclipse,0x403,0x4ab,0x0,0xfd,0xc,0x0,0x0,0x0,0,0,0,0,0,0x12,0,NoRank,0x0,0x0,NoEffect,1,0x0,0x0,0x0
Terminator,0x404,0x404,0x0,0x0,0x0,IsWeapon,0x0,0x0,1,0,0,0,0,0x11,0,0,0,0x0,CannotDouble,0,0x0,0x0,0x0
